circo,candidat1,candidat2,candidat3,color1,color2,color3,score1,score2,score3,nom circo
1-1,XAVIER BRETON,JEAN-FRANCOIS DEBAT,,UMP,SOC,,0.4102657421966566,0.28974421158229574,,Davy Champion
1-2,CHARLES DE LA VERPILLIERE,OLIVIER EYRAUD,,UMP,FN,,0.4967131390500894,0.1284420808815004,,Davy Champion
1-3,ETIENNE BLANC,JEAN-MARC FOGNINI,,UMP,SOC,,0.41289042802851833,0.32019293212205047,,Davy Champion
1-4,MICHEL VOISIN,CORINNE MOSSIRE-LANGLASSE,,UMP,FN,,0.5708049602606129,0.12039142601528344,,Davy Champion
1-5,JOSIANE EXPOSITO,DAMIEN ABAD,,SOC,UMP,,0.3848696025091894,0.2245214778341315,,Davy Champion
10-1,NICOLAS DHUICQ,BRUNO SUBTIL,,UMP,FN,,0.5058464387717445,0.2012280127532143,,Davy Champion
10-2,JEAN-CLAUDE MATHIS,YVES FOURNIER,,UMP,SOC,,0.38890889909269977,0.3020184116043813,,Davy Champion
10-3,FRANCOIS BAROIN,LORETTE JOLY,,UMP,SOC,,0.40104670587386404,0.28568655317133335,,Davy Champion
11-1,JEAN-CLAUDE PEREZ,MONIQUE BOONEN,,SOC,UMP,,0.3620328902535297,0.20758053250331124,,Davy Champion
11-2,MARIE-HELENE FABRE,MICHEL PY,,SOC,UMP,,0.28660622785949896,0.2684270265170738,,Davy Champion
11-3,JEAN-PAUL DUPRE,EMMANUEL BRESSON,,SOC,UMP,,0.37738760654330605,0.24074647363785348,,Davy Champion
12-1,YVES CENSI,MONIQUE BULTEL-HERMENT,,UMP,SOC,,0.37342090271259987,0.32887868374297613,,Davy Champion
12-2,MARIE-LOU MARCEL,LAURENT TRANIER,,SOC,UMP,,0.4391136968818572,0.25726207763939063,,Davy Champion
12-3,ALAIN MARC,BEATRICE MARRE,,UMP,DVG,,0.4654817937783216,0.1519557977572469,,Davy Champion
13-1,VALERIE BOYER,CHRISTOPHE MASSE,,UMP,SOC,,0.3652866380601072,0.2769536913694104,,Davy Champion
13-10,RICHARD MALLIE,PASCALE-EDITH GUENNEC,,UMP,FN,,0.5530987331549944,0.1794977292745113,,Davy Champion
13-11,CHRISTIAN KERT,GAELLE LENFANT,,UMP,SOC,,0.4028494074559233,0.34379446520397905,,Davy Champion
13-12,ERIC DIARD,VINCENT BURRONI,,UMP,SOC,,0.3630864745498141,0.2731876606146874,,Davy Champion
13-13,RENE RAIMONDI,MICHELE VASSEROT,,SOC,UMP,,0.3291295548223566,0.24158452523591162,,Davy Champion
13-14,MARYSE JOISSAINS-MASINI,JEAN-DAVID CIOT,,UMP,SOC,,0.34839014933313206,0.31569328890272935,,Davy Champion
13-15,BERNARD REYNES,OLIVIA PONSDESSERRE,,UMP,FN,,0.4808505004666761,0.22606326060524043,,Davy Champion
13-16,MICHEL VAUZELLE,ROLAND CHASSAIN,,SOC,UMP,,0.36137452671921155,0.32816983792302257,,Davy Champion
13-2,DOMINIQUE TIAN,JEAN-PIERRE MIGNARD,,UMP,SOC,,0.4304901847798915,0.2956778024701308,,Davy Champion
13-3,SYLVIE ANDRIEUX,NORA PREZIOSI,,SOC,UMP,,0.356944168805077,0.23078711103293578,,Davy Champion
13-4,PATRICK MENNUCCI,SOLANGE BIAGGI,,SOC,UMP,,0.31875078011472524,0.21140322729009658,,Davy Champion
13-5,RENAUD MUSELIER,MARIE-ARLETTE CARLOTTI,,UMP,SOC,,0.3655477963308989,0.278607762197805,,Davy Champion
13-6,GUY TEISSIER,LAURENT COMAS,,UMP,FN,,0.49398375177836423,0.1280704607335192,,Davy Champion
13-7,HENRI JIBRAYEL,BERNARD MARANDAT,,SOC,FN,,0.32251071494011774,0.07484065238497162,,Davy Champion
13-8,OLIVIER FERRAND,NICOLAS ISNARD,,SOC,UMP,,0.31457783455886523,0.2982930381899668,,Davy Champion
13-9,BERNARD DEFLESSELLES,JOELLE MELIN,,UMP,FN,,0.5533312445821227,0.16102878215788932,,Davy Champion
14-1,PHILIPPE DURON,JOEL BRUNEAU,,SOC,UMP,,0.46939062793135533,0.3330101484012601,,Davy Champion
14-3,CLOTILDE VALTER,CLAUDE LETEURTRE,,SOC,NouvC,,0.39925431319827465,0.38708774601357626,,Davy Champion
14-4,NICOLE AMELINE,CLEMENTINE LE MARREC,,UMP,SOC,,0.4135394264864791,0.3176389508756645,,Davy Champion
14-5,CEDRIC NOUVELOT,PHILIPPE CHAPRON,,UMP,FN,,0.5570237939049958,0.10698463319584943,,Davy Champion
14-6,JEAN-YVES COUSIN,ALAIN TOURRET,,UMP,RDG,,0.488294661561318,0.2173428350089745,,Davy Champion
15-1,VINCENT DESCOEUR,ALAIN CALMETTE,,UMP,SOC,,0.37601886280971064,0.36418287715783515,,Davy Champion
15-2,ALAIN MARLEIX,GERARD SALAT,,UMP,SOC,,0.375890638646151,0.29416448852849475,,Davy Champion
16-1,MARTINE PINVILLE,ELISE VOUVET,,SOC,UMP,,0.4304129964858016,0.24366251384733556,,Davy Champion
16-2,MARIE-LINE REYNAUD,DANIEL SAUVAITRE,,SOC,UMP,,0.4031854623570187,0.3137113223036215,,Davy Champion
16-3,JEROME LAMBERT,JEAN-MARC DE LUSTRAC,,SOC,UMP,,0.39409476312740116,0.24649459618206773,,Davy Champion
17-1,SEGOLENE ROYAL,SALLY CHADJAA,,SOC,UMP,,0.28386616835614487,0.2639417425597778,,Davy Champion
17-2,JEAN-LOUIS LEONARD,SUZANNE TALLARD,,UMP,SOC,,0.3520606053474065,0.30285028161923727,,Davy Champion
17-3,CATHERINE QUERE,FREDERIC NEVEU,,SOC,UMP,,0.40619551746428106,0.30651407613096987,,Davy Champion
17-4,DOMINIQUE BUSSEREAU,FABIENNE DUGAS-RAVENEAU,,UMP,SOC,,0.43245805025479805,0.3142573118944933,,Davy Champion
17-5,DIDIER QUENTIN,JEAN-MARC DE LACOSTE LAREYMONDIE,,UMP,FN,,0.5844792039984418,0.10853043294108933,,Davy Champion
18-1,YVES FROMION,CELINE BEZOUI,,UMP,SOC,,0.41220961196194833,0.31244855642311253,,Davy Champion
18-2,AGNES SINSOULIER-BIGOT,MARIA CRESPEL,,SOC,UMP,,0.3749667838552736,0.3167230294915499,,Davy Champion
18-3,LOUIS COSYNS,YANN GALUT,,UMP,SOC,,0.41651698452708946,0.34779220657558213,,Davy Champion
19-1,SOPHIE DESSUS,MICHEL PAILLASSOU,,SOC,UMP,,0.43122682533291096,0.2779799989786691,,Davy Champion
19-2,PHILIPPE NAUCHE,PASCAL COSTE,,SOC,UMP,,0.4575185773287059,0.2529797652705808,,Davy Champion
2-1,FAWAZ KARIMET,RENE DOSIERE,,SOC,DVG,,0.3592614648562132,0.25387291492979475,,Davy Champion
2-2,XAVIER BERTRAND,ANNE FERREIRA,,UMP,SOC,,0.37151864481859415,0.2692263990283396,,Davy Champion
2-3,JEAN-LOUIS BRICOUT,FREDERIC MEURA,,SOC,UMP,,0.30487743871487727,0.27131729821557393,,Davy Champion
2-4,EVELYNE RUELLE,MARIE-FRANCOISE BECHTEL,,FN,DVG,,0.28414909887939616,0.2342687228496321,,Davy Champion
2-5,ISABELLE VASSEUR,FRANCK BRIFFAUT,,UMP,FN,,0.4550334507942988,0.1714373338096895,,Davy Champion
21-1,BERNARD DEPIERRE,LAURENT GRANDGUILLAUME,,UMP,SOC,,0.4030650190860892,0.36265083906019446,,Davy Champion
21-2,REMI DELATTE,PIERRE PRIBETICH,,UMP,SOC,,0.4269664335908117,0.35067344321012694,,Davy Champion
21-3,KHEIRA BOUZIANE-LAROUSSI,PASCALE CARAVEL,,SOC,UMP,,0.4120794059758429,0.3067608496526878,,Davy Champion
21-4,FRANCOIS SAUVADET,PATRICK MOLINOZ,,NouvC,RDG,,0.4907905907271042,0.1848269644335865,,Davy Champion
21-5,ALAIN SUGUENOT,DANIEL CADOUX,,UMP,SOC,,0.4040748115930542,0.2929321744626217,,Davy Champion
22-1,MICHEL LESAGE,SYLVIE GRONDIN,,SOC,UMP,,0.41251893204603185,0.2878224911596736,,Davy Champion
22-2,VIVIANE LE DISSEZ,MICHEL VASPART,,SOC,UMP,,0.3338529174134169,0.33045265312965466,,Davy Champion
22-3,MARC LE FUR,LOIC CAURET,,UMP,SOC,,0.4170828420076268,0.3668261361691751,,Davy Champion
22-4,VALERIE GARCIA,MICHEL BALBOT,,UMP,ECO,,0.38393145844718496,0.1000866157741993,,Davy Champion
22-5,CORINNE ERHEL,XAVIER LEC'HVIEN,,SOC,UMP,,0.4314227860919614,0.3112265458532345,,Davy Champion
23-1,MICHEL VERGNIER,JEAN AUCLAIR,,SOC,UMP,,0.37458575968985885,0.3713455256493077,,Davy Champion
24-1,PASCAL DEGUILHEM,PHILIPPE CORNET,,SOC,UMP,,0.39562065103081,0.2523563257567696,,Davy Champion
24-2,DANIEL GARRIGUE,DOMINIQUE MORTEMOUSQUE,,DVD,UMP,,0.35141752999773707,0.28771904363689715,,Davy Champion
24-3,COLETTE LANGLADE,MARIE-CLAUDE ABBES,,SOC,UMP,,0.38953950087597783,0.31412771879881923,,Davy Champion
24-4,GERMINAL PEIRO,NATHALIE FONTALIRAN,,SOC,UMP,,0.45337796580270867,0.2817867259599386,,Davy Champion
25-1,FRANCOISE BRANGET,BARBARA ROMAGNAN,,UMP,SOC,,0.4052897117982271,0.3567708808200245,,Davy Champion
25-2,JACQUES GROSPERRIN,ANNIE MENETRIER,,UMP,FDG,,0.6160341733378005,0.09221171996624108,,Davy Champion
25-3,MARCEL BONNOT,ARNAUD MARTHEY,,UMP,SOC,,0.3941752628418343,0.29836098910698916,,Davy Champion
25-4,PIERRE MOSCOVICI,CHARLES DEMOUGE,,SOC,UMP,,0.34368837356005355,0.23289363815113792,,Davy Champion
25-5,ANNIE GENEVARD,LILIANE LUCCHESI,,UMP,SOC,,0.3808737555722815,0.2937701689575506,,Davy Champion
26-1,PATRICK LABAUNE,ALAIN MAURICE,,UMP,SOC,,0.4090125592695314,0.354112690434254,,Davy Champion
26-2,FRANCK REYNIER,CATHERINE COUTARD,,PRV,DVG,,0.40490359430713185,0.17574246356742695,,Davy Champion
26-3,HERVE MARITON,HERVE RASCLARD,,UMP,SOC,,0.40989631616152367,0.32709580933878984,,Davy Champion
26-4,MARIE-HELENE THORAVAL,NATHALIE NIESON,,UMP,SOC,,0.3476060887883451,0.3367341339614825,,Davy Champion
27-1,BRUNO LE MAIRE,NATHALIE BILLARD,,UMP,FN,,0.6180878920220382,0.13510551326622466,,Davy Champion
27-2,JEAN-PIERRE NICOLAS,JEAN-LOUIS DESTANS,,UMP,SOC,,0.40734717962899863,0.30382526641017116,,Davy Champion
27-3,HERVE MORIN,MELANIE MAMMERI,,NouvC,SOC,,0.3476976629577085,0.2933448972962793,,Davy Champion
27-4,FRANCOIS LONCLE,JULIE BARBIER,,SOC,FN,,0.5778945233510607,0.1420892376386334,,Davy Champion
27-5,FRANCK GILARD,ANNE MANSOURET,,UMP,DVG,,0.46429991445209173,0.1311718280151856,,Davy Champion
28-1,JEAN-PIERRE GORGES,DAVID LEBON,,UMP,SOC,,0.39454577838041294,0.3328827220679156,,Davy Champion
28-2,OLIVIER MARLEIX,GISELE BOULLAIS,,UMP,SOC,,0.3444020243106411,0.31999084154018376,,Davy Champion
28-3,LAURE DE LA RAUDIERE,PHILIPPE LOISEAU,,UMP,FN,,0.5066112782879888,0.11356408721955005,,Davy Champion
28-4,PHILIPPE VIGIER,GUYLAINE BERCHER,,NouvC,FN,,0.536901745302586,0.14284601624296409,,Davy Champion
29-1,JEAN-JACQUES URVOAS,GEORGES-PHILIPPE FONTAINE,,SOC,UMP,,0.4103373956979481,0.29530936185050244,,Davy Champion
29-2,PATRICIA ADAM,MARC BERTHELOT,,SOC,UMP,,0.4426846413925168,0.2671458272141578,,Davy Champion
29-3,MARGUERITE LAMOUR,JEAN-LUC BLEUNVEN,,UMP,DVG,,0.5477836564473011,0.07794003075938655,,Davy Champion
29-4,MARYLISE LEBRANCHU,AGNES LE BRUN,,SOC,UMP,,0.48050821950016737,0.3055308517887349,,Davy Champion
29-5,JACQUES LE GUEN,CHANTAL GUITTET,,UMP,SOC,,0.4356239150263652,0.39049316520988797,,Davy Champion
29-6,RICHARD FERRAND,DOMINIQUE CAP,,SOC,UMP,,0.37908538049864454,0.29495312574910454,,Davy Champion
29-7,ANNICK LE LOCH,DIDIER GUILLON,,SOC,UMP,,0.38220720277630726,0.2607355184160246,,Davy Champion
29-8,GILBERT LE BRIS,ATTO DOSSENA,,SOC,UMP,,0.39414456427097616,0.25335485760545906,,Davy Champion
2a-1,LAURENT MARCANGELI,SIMON RENUCCI,,UMP,DVG,,0.29221028565831547,0.2682013576133304,,Davy Champion
2a-2,CAMILLE DE ROCCA SERRA,JEAN-CHRISTOPHE ANGELINI,,UMP,ECO,,0.4770776081514263,0.13714523807811485,,Davy Champion
2b-1,SAUVEUR GANDOLFI-SCHEIT,GILLES SIMEONI,,UMP,ECO,,0.40892514758817566,0.1857874711885115,,Davy Champion
2b-2,PAUL GIACOBBI,STEPHANIE GRIMALDI,,RDG,UMP,,0.34888907961892157,0.33203467471990966,,Davy Champion
3-1,GUY CHAMBEFORT,PIERRE-ANDRE PERISSOL,,SOC,UMP,,0.43264783576512295,0.3347984822823026,,Davy Champion
3-2,BERNARD LESTERLIN,DANIEL DUGLERY,,SOC,UMP,,0.4347391217811989,0.33192894100723574,,Davy Champion
3-3,GERARD CHARASSE,CLAUDE MALHURET,,RDG,UMP,,0.34170415874648824,0.3383226386659006,,Davy Champion
30-1,YVAN LACHAUD,FRANCOISE DUMAS,,NouvC,SOC,,0.3163600708260013,0.28625416701182427,,Davy Champion
30-2,ETIENNE MOURRUT,KATY GUYOT,,UMP,SOC,,0.4254391710649007,0.27946948188317033,,Davy Champion
30-3,JEAN-MARC ROUBAUD,PATRICE PRAT,,UMP,SOC,,0.40737345317590373,0.2986529058158535,,Davy Champion
30-4,MAX ROUSTAN,FABRICE VERDIER,,UMP,SOC,,0.3810464090352048,0.2822805624373049,,Davy Champion
30-5,WILLIAM DUMAS,SYBIL VERGNES,,SOC,FN,,0.47043206212064104,0.1468037805756774,,Davy Champion
30-6,FRANCK PROUST,SYLVIE VIGNON,,UMP,FN,,0.4354529374210186,0.14498459749437506,,Davy Champion
31-1,CATHERINE LEMORTON,SACHA BRIAND,,SOC,UMP,,0.42742593978826576,0.26832563753523203,,Davy Champion
31-10,KADER ARIF,GILBERT HEBRARD,,SOC,DVG,,0.4331897287501171,0.11117263068852526,,Davy Champion
31-2,GERARD BAPT,NICOLAS BONLEUX,,SOC,UMP,,0.3766475069071214,0.24711694622160202,,Davy Champion
31-3,JEAN-LUC MOUDENC,MARIE-CLAIRE DANEN,,UMP,DVD,,0.3653327404852318,0.18910134357864217,,Davy Champion
31-4,MARTINE MARTINEL,BERTRAND SERP,,SOC,UMP,,0.3927679687190603,0.23612217552757003,,Davy Champion
31-5,FRANCOISE IMBERT,GREGOIRE CARNEIRO,,SOC,UMP,,0.384991055335244,0.26746288926327966,,Davy Champion
31-6,MONIQUE IBORRA,JOCELYNE VIDAL,,SOC,UMP,,0.4034742164347766,0.24640954963700573,,Davy Champion
31-7,PATRICK LEMASLE,CORINNE VIANSSON-PONTE,,SOC,UMP,,0.44213948239862894,0.28979154045394956,,Davy Champion
31-8,CAROLE DELGA,MARTINE RIEU-GRIFFE,,SOC,UMP,,0.4162379224379263,0.2780790433518942,,Davy Champion
31-9,CHRISTOPHE BORGEL,ELISABETH POUCHELON,,SOC,UMP,,0.4432012453210693,0.2659815033080171,,Davy Champion
32-1,PHILIPPE MARTIN,DOUCE DE FRANCLIEU,,SOC,UMP,,0.48495136664346944,0.15629686100834433,,Davy Champion
32-2,GISELE BIEMOURET,GERARD DUBRAC,,SOC,UMP,,0.39696544455616517,0.31951874450352197,,Davy Champion
33-1,CHANTAL BOURRAGUE,SANDRINE DOUCET,,UMP,SOC,,0.39893327867441714,0.33588025241319125,,Davy Champion
33-10,JEAN-PAUL GARRAUD,FLORENT BOUDIE,,UMP,SOC,,0.4139364808892787,0.3273755742674706,,Davy Champion
33-11,PHILIPPE PLISSON,JEAN-FRANCK BLANC,,SOC,UMP,,0.42416873611093286,0.272066641388394,,Davy Champion
33-12,MARTINE FAURE,YVES D'AMECOURT,,SOC,UMP,,0.41990208686798564,0.28757764127734453,,Davy Champion
33-2,MICHELE DELAUNAY,NICOLAS FLORIAN,,SOC,UMP,,0.40006358306836504,0.30420699186012784,,Davy Champion
33-3,NOEL MAMERE,AGNES NEDELEC-BEFVE,,ECO,UMP,,0.4016737497996381,0.2989162082515558,,Davy Champion
33-4,CONCHITA LACUEY,ALEXANDRA MEYNARD,,SOC,FDG,,0.6125245520054422,0.0908768500070669,,Davy Champion
33-5,PASCALE GOT,DAVID GORDON-KRIEF,,SOC,UMP,,0.4008964205042651,0.2758713630072862,,Davy Champion
33-6,MARIE RECALDE,JEAN-LUC AUPETIT,,SOC,FN,,0.5385102703103389,0.07815665409170561,,Davy Champion
33-7,ALAIN ROUSSET,AMEL KHATTABI,,SOC,UMP,,0.445316358081393,0.2813314600911666,,Davy Champion
33-8,YVES FOULON,NATHALIE LE YONDRE,,UMP,SOC,,0.3598702293628614,0.3093265507924182,,Davy Champion
33-9,GILLES SAVARY,MAXIME SIBE,,SOC,UMP,,0.40859302419093585,0.29147557775158506,,Davy Champion
34-1,CHRISTIAN JEANJEAN,ALAIN JAMET,,UMP,FN,,0.35026374431249624,0.12752252405505174,,Davy Champion
34-2,ANNE-YVONNE LE DAIN,NICOLAS JACOT,,SOC,RDG,,0.4750145792740306,0.10417778534635808,,Davy Champion
34-3,JEAN-PIERRE GRAND,FANNY DOMBRE COSTE,,UMP,SOC,,0.3716740730076726,0.2733654203210876,,Davy Champion
34-4,ROBERT LECOU,FREDERIC ROIG,,UMP,SOC,,0.3253042763328538,0.25648934546301233,,Davy Champion
34-5,KLEBER MESQUIDA,CONSTANCE CALANDRI,,SOC,FN,,0.4968765487717941,0.15803107753396817,,Davy Champion
34-6,ELIE ABOUD,DOLORES ROQUE,,UMP,SOC,,0.2623260882623972,0.24443342912508983,,Davy Champion
34-7,GILLES D'ETTORE,SEBASTIEN DENAJA,,UMP,SOC,,0.39595260731952747,0.29036420035563143,,Davy Champion
34-8,CHRISTIAN ASSAF,ARNAUD JULIEN,,SOC,UMP,,0.3294342932837901,0.2962887477194329,,Davy Champion
34-9,PATRICK VIGNAL,STEPHAN ROSSIGNOL,,SOC,UMP,,0.330105182698733,0.3291320890066781,,Davy Champion
35-1,MARIE-ANNE CHAPDELAINE,JEAN-MICHEL BOUCHERON,,SOC,DVG,,0.38507345470811405,0.283038135149229,,Davy Champion
35-2,NATHALIE APPERE,BERTRAND PLOUVIER,,SOC,UMP,,0.4610535131882573,0.28516443480471126,,Davy Champion
35-3,FRANCOIS ANDRE,PHILIPPE ROUAULT,,SOC,UMP,,0.42678744584229916,0.3461325925321894,,Davy Champion
35-4,JEAN-RENE MARSAC,CHRISTIAN RESSORT,,SOC,FN,,0.6126955322588653,0.08521467804228698,,Davy Champion
35-5,ANNE-LAURE LORAY,ISABELLE LE CALLENNEC,,SOC,UMP,,0.34297146309453447,0.34039050903482043,,Davy Champion
35-6,THIERRY BENOIT,LOUIS FEUVRIER,,MDM,DVG,,0.44024270300659085,0.1127168432770213,,Davy Champion
35-8,MARCEL ROGEMONT,BRUNO CHAVANAT,,SOC,UMP,,0.47758146342347635,0.2720738658577301,,Davy Champion
36-1,JEAN-PAUL CHANTEGUET,FRANCOIS JOLIVET,,SOC,UMP,,0.39424326435183127,0.2844817456749708,,Davy Champion
36-2,NICOLAS FORISSIER,ISABELLE BRUNEAU,,UMP,SOC,,0.38648601073735156,0.3187931787741177,,Davy Champion
37-1,JEAN-PATRICK GILLE,GUILLAUME PELTIER,,SOC,UMP,,0.4311797175562201,0.19681161065888675,,Davy Champion
37-2,CLAUDE GREFF,GERARD GUERTIN,,UMP,RDG,,0.5386857658054055,0.09827345214529838,,Davy Champion
37-3,MARISOL TOURAINE,JACQUES BARBIER,,SOC,UMP,,0.38013203399380474,0.29450017386718674,,Davy Champion
37-4,HERVE NOVELLI,LAURENT BAUMEL,,UMP,SOC,,0.3902238202720652,0.31712998558510275,,Davy Champion
37-5,PHILIPPE BRIAND,CLAUDE ROIRON,,UMP,SOC,,0.4012466848735945,0.2920419567417965,,Davy Champion
38-1,GENEVIEVE FIORASO,JEAN-CLAUDE PEYRIN,,SOC,UMP,,0.4082125933909805,0.29743359920908846,,Davy Champion
38-10,JOELLE HUILLIER,VINCENT CHRIQUI,,SOC,UMP,,0.2889745644407029,0.27428822581613627,,Davy Champion
38-2,MICHEL ISSINDOU,MAGALIE VICENTE,,SOC,UMP,,0.36045756923917727,0.230926763114506,,Davy Champion
38-3,MICHEL DESTOT,NATHALIE BERANGER,,SOC,UMP,,0.45906818719920356,0.1304028106508913,,Davy Champion
38-4,MARIE-NOELLE BATTISTEL,CECILIA DURIEU,,SOC,UMP,,0.39658121546743297,0.2997110396084718,,Davy Champion
38-5,FRANCOIS BROTTES,MICHEL BERNARD,,SOC,UMP,,0.4703923454311248,0.15773074856298053,,Davy Champion
38-6,ALAIN MOYNE-BRESSAND,MICHELE CORBIN,,UMP,SOC,,0.39977852980353923,0.2720817486083557,,Davy Champion
38-7,DIDIER RAMBAUD,JEAN-PIERRE BARBIER,,SOC,UMP,,0.38911472953298887,0.20229810339719123,,Davy Champion
38-8,JACQUES REMILLER,ERWANN BINET,,UMP,SOC,,0.37931023173660755,0.29766363963641124,,Davy Champion
38-9,JULIEN POLAT,NADINE GARCIN,,UMP,FN,,0.43012284838746706,0.12256214437851413,,Davy Champion
39-1,JACQUES PELISSARD,DANIELLE BRULEBOIS,,UMP,SOC,,0.41497514583501555,0.28782632271205333,,Davy Champion
39-2,RAPHAEL PERRIN,MARIE-CHRISTINE DALLOZ,,SOC,UMP,,0.3690224645238167,0.35245539772695944,,Davy Champion
39-3,JEAN-MARIE SERMIER,SYLVIE LAROCHE,,UMP,SOC,,0.3935597893086782,0.29493547342374765,,Davy Champion
4-1,GILBERT SAUVAN,ELIANE BARREILLE,,SOC,UMP,,0.3157411462144157,0.29114913595569486,,Davy Champion
4-2,JEAN-CLAUDE CASTEL,CHRISTOPHE CASTANER,,UMP,SOC,,0.3162794706897299,0.31256484382119665,,Davy Champion
40-1,ALAIN VIDALIES,ALAIN DUDON,,SOC,UMP,,0.41892987882295496,0.29175868781049547,,Davy Champion
40-2,JEAN-PIERRE DUFAU,JULIEN DUBOIS,,SOC,UMP,,0.4127073279638265,0.3144126840281645,,Davy Champion
40-3,HENRI EMMANUELLI,MARIA-FILOMENA LABASTE,,SOC,UMP,,0.4681573463586157,0.28600258424341196,,Davy Champion
41-1,NICOLAS PERRUCHOT,DENYS ROBILIARD,,NouvC,SOC,,0.39755415451775866,0.36916925558506,,Davy Champion
41-2,PATRICE MARTIN-LALANDE,TANIA ANDRE,,UMP,SOC,,0.45068887407358743,0.30854736411173034,,Davy Champion
41-3,MAURICE LEROY,KARINE GLOANEC MAURIN,,NouvC,SOC,,0.3353576947624944,0.29062262686544466,,Davy Champion
42-1,REGIS JUANICO,GILLES ARTIGUES,,SOC,MDM,,0.4839522431750664,0.1781661856303186,,Davy Champion
42-2,JEAN-LOUIS GAGNAIRE,ALEXANDRA CUSTODIO,,SOC,UMP,,0.44489939666602946,0.31319450742712746,,Davy Champion
42-3,FRANCOIS ROCHEBLOINE,PHILIPPE KIZIRIAN,,NouvC,SOC,,0.3780641614523344,0.33113094571682034,,Davy Champion
42-4,DINO CINIERI,ROBERT HEYRAUD,,UMP,FN,,0.49473656163706325,0.1214593315740223,,Davy Champion
42-5,YVES NICOLIN,LAURE DEROCHE,,UMP,SOC,,0.46509144149700316,0.2952698465189067,,Davy Champion
42-6,PAUL SALEN,LILIANE FAURE,,UMP,SOC,,0.38219841022479856,0.34881063120422623,,Davy Champion
43-1,LAURENT WAUQUIEZ,PIERRE CHEYNET,,UMP,FN,,0.5159801675489573,0.10832807278020314,,Davy Champion
43-2,ANDRE CHAPAVEIRE,JEAN-PIERRE VIGIER,,SOC,UMP,,0.5325561415867254,0.201134127133329,,Davy Champion
44-1,FRANCOIS PINTE,FRANCOIS DE RUGY,,UMP,ECO,,0.35629192645446983,0.34278903042659065,,Davy Champion
44-10,SOPHIE ERRANTE,LAURENT DEJOIE,,SOC,UMP,,0.3936681947603272,0.34932387103447254,,Davy Champion
44-2,MARIE-FRANCOISE CLERGEAU,LAURENCE GARNIER,,SOC,UMP,,0.3994159300143008,0.263418232406271,,Davy Champion
44-3,JEAN-MARC AYRAULT,ANNICK LE RIDANT,,SOC,UMP,,0.481495827959813,0.24646283362215426,,Davy Champion
44-4,DOMINIQUE RAIMBOURG,MIREILLE PERNOT,,SOC,FDG,,0.6000511643250415,0.07667887820272762,,Davy Champion
44-5,MICHEL MENARD,JEAN-FRANCOIS LAJEUNESSE,,SOC,DVG,,0.49808587684133054,0.08826575187275464,,Davy Champion
44-6,MICHEL HUNAULT,YVES DANIEL,,NouvC,SOC,,0.34837774965347607,0.3271035233971225,,Davy Champion
44-7,CHRISTOPHE PRIOU,HELENE CHALLIER,,UMP,SOC,,0.42880695768070687,0.3367720185446287,,Davy Champion
44-8,MARIE-ODILE BOUILLE,MARYVONNE LE LIBOUX,,SOC,UMP,,0.44386096703506817,0.23563441728548168,,Davy Champion
44-9,PHILIPPE BOENNEC,MONIQUE RABIN,,UMP,SOC,,0.35788111043510284,0.29746401368693076,,Davy Champion
45-1,OLIVIER CARRE,DOMINIQUE SANGUINETTI,,UMP,FN,,0.5631129906762304,0.08124266714490538,,Davy Champion
45-2,SERGE GROUARD,CHRISTOPHE CHAILLOU,,UMP,SOC,,0.41836188580204386,0.31962294617291387,,Davy Champion
45-3,CLAUDE DE GANAY,PHILIPPE FROMENT,,UMP,SOC,,0.37546569179060896,0.35797735160287647,,Davy Champion
45-4,JEAN-PIERRE DOOR,JALILA GABORET,,UMP,SOC,,0.45069242239636964,0.30228773671093356,,Davy Champion
45-5,MARIANNE DUBOIS,CAROLE CANETTE,,UMP,SOC,,0.34214739463483573,0.33115685252743776,,Davy Champion
45-6,VALERIE CORRE,CHARLES-ERIC LEMAIGNEN,,SOC,UMP,,0.3347569661761264,0.3251263683201766,,Davy Champion
46-2,JEAN LAUNAY,BERNADETTE BALOCHE,,SOC,FDG,,0.6193438451628951,0.07921876479596368,,Davy Champion
47-2,MICHEL DIEFENBACHER,MATTHIAS FEKL,,UMP,SOC,,0.41394163590425626,0.3201604760639923,,Davy Champion
47-3,JEROME CAHUZAC,JEAN-LOUIS COSTES,,SOC,UMP,,0.42546858401547516,0.3536156020371093,,Davy Champion
49-1,LUC BELOT,PAUL JEANNETEAU,,SOC,UMP,,0.35186173567287304,0.32035889995587374,,Davy Champion
49-2,MARC GOUA,MAXENCE HENRY,,SOC,UMP,,0.38212824052518757,0.28387990744726505,,Davy Champion
49-3,JEAN-CHARLES TAUGOURDEAU,JEAN-MICHEL MARCHAND,,UMP,RDG,,0.4467749479090448,0.14341893496543293,,Davy Champion
49-4,MICHEL PIRON,SOPHIE SARAMITO,,UMP,SOC,,0.4458523111874313,0.30618014205940935,,Davy Champion
49-5,GILLES BOURDOULEIX,LAURENCE ADRIEN-BIGEON,,UMP,SOC,,0.4180540505392236,0.31461171151320716,,Davy Champion
49-6,HERVE DE CHARETTE,SERGE BARDY,,NouvC,DVG,,0.41633168728123293,0.12147025820360878,,Davy Champion
49-7,MARC LAFFINEUR,SILVIA CAMARA-TOMBINI,,UMP,SOC,,0.4396433849945017,0.31913713345160805,,Davy Champion
5-1,KARINE BERGER,JEAN COINTE,,SOC,UMP,,0.34136196102072053,0.2743790053620553,,Davy Champion
5-2,JOEL GIRAUD,CHANTAL EYMEOUD,,RDG,UMP,,0.48041901478440013,0.21265151659307197,,Davy Champion
50-1,PHILIPPE GOSSELIN,CHRISTINE LE COZ,,UMP,SOC,,0.41849364152379176,0.34021665336196755,,Davy Champion
50-2,GUENHAEL HUET,GERARD SAURE,,UMP,RDG,,0.5091650523716909,0.10654439876757503,,Davy Champion
50-3,ALAIN COUSIN,STEPHANE TRAVERT,,UMP,SOC,,0.4112795548354901,0.3074514043041481,,Davy Champion
50-4,BERNARD CAZENEUVE,DAVID MARGUERITTE,,SOC,UMP,,0.4679385962564103,0.3045428441579547,,Davy Champion
51-1,ARNAUD ROBINET,SABRINA GHALLAL,,UMP,SOC,,0.4030998679303261,0.3261038529647377,,Davy Champion
51-2,CATHERINE VAUTRIN-PENNAFORTE,ERIC QUENARD,,UMP,SOC,,0.4380683913211338,0.3559667438709576,,Davy Champion
51-3,PHILIPPE MARTIN,DAVID MASCRE,,UMP,FN,,0.4798046100708557,0.10831783491257395,,Davy Champion
51-4,BENOIST APPARU,RUDY NAMUR,,UMP,SOC,,0.41123519571516387,0.30867486653548687,,Davy Champion
51-5,CHARLES DE COURSON,MARIANE DOREMUS,,NouvC,SOC,,0.36735982227873887,0.2784398157475294,,Davy Champion
52-1,LUC CHATEL,THOMAS SUILLOT,,UMP,FN,,0.5756358554866012,0.12148840063671142,,Davy Champion
52-2,FRANCOIS CORNUT-GENTILLE,DENIS MAILLOT,,UMP,SOC,,0.4046150233281883,0.28933598352902307,,Davy Champion
53-1,GUILLAUME GAROT,SAMIA SOULTANI-VIGNERON,,SOC,UMP,,0.40793111921895575,0.31717777273172537,,Davy Champion
53-2,GUILLAUME CHEVROLLIER,MARIE-NOELLE TRIBONDEAU,,UMP,SOC,,0.3506022359913836,0.31637910676964315,,Davy Champion
53-3,YANNICK FAVENNEC,BRUNO DE LA MORINIERE,,UMP,FN,,0.6243238077439347,0.07219145359544957,,Davy Champion
54-1,LAURENT HENART,CHAYNESSE KHIROUNI,,PRV,SOC,,0.32556480225663187,0.2978700818711954,,Davy Champion
54-2,VALERIE ROSSO-DEBORD,HERVE FERON,,UMP,SOC,,0.2899985427111397,0.27143032731076666,,Davy Champion
54-3,CHRISTIAN ECKERT,ETIENNE MANGEOT,,SOC,UMP,,0.4097319462750458,0.27472878288308905,,Davy Champion
54-4,JACQUES LAMBLIN,PASCAL BAUCHE,,UMP,FN,,0.5525621783506441,0.17866961684838342,,Davy Champion
54-5,NADINE MORANO,DOMINIQUE POTIER,,UMP,SOC,,0.41620361487566104,0.31154601335046195,,Davy Champion
54-6,JEAN-YVES LE DEAUT,STEPHANE PIZELLE,,SOC,UMP,,0.410176397565356,0.2606405861550475,,Davy Champion
55-1,BERTRAND PANCHER,DIANA ANDRE,,PRV,SOC,,0.39683957935063935,0.3165706190197383,,Davy Champion
55-2,JEAN-LOUIS DUMONT,CLAUDE LEONARD,,SOC,UMP,,0.346990318245362,0.33113099585993905,,Davy Champion
56-1,FRANCOIS GOULARD,CLAUDE JAHIER,,UMP,SOC,,0.3130751765342065,0.2465183206906829,,Davy Champion
56-2,NATHALIE LE MAGUERESSE,MICHEL GRALL,,SOC,UMP,,0.40458406850504375,0.3088636376303193,,Davy Champion
56-3,JEAN-PIERRE LE ROCH,YVES BLEUNVEN,,SOC,UMP,,0.38022658006680726,0.3726506543803682,,Davy Champion
56-4,FRANCOIS GUEANT,CHARLES-EDOUARD FICHET,,UMP,DVG,,0.5103267571028107,0.09476116825006542,,Davy Champion
56-5,GWENDAL ROUILLARD,BRIGITTE MELIN,,SOC,UMP,,0.3927198238698798,0.2918537691830139,,Davy Champion
56-6,JACQUES LE NAY,PHILIPPE NOGUES,,UMP,SOC,,0.4133063967796393,0.33210861984084067,,Davy Champion
57-1,AURELIE FILIPPETTI,JULIEN FREYBURGER,,SOC,UMP,,0.36924090786855335,0.26630179848780205,,Davy Champion
57-2,DENIS JACQUAT,JEAN-MICHEL TOULOUZE,,UMP,SOC,,0.4276321661414826,0.3066702918837251,,Davy Champion
57-3,MARIE-JO ZIMMERMANN,CHRISTIANE PALLEZ,,UMP,SOC,,0.40563598312977234,0.3220249224479683,,Davy Champion
57-4,ALAIN MARTY,JEAN-YVES SCHAFF,,UMP,SOC,,0.42543031197741604,0.2926519635456115,,Davy Champion
57-5,CELESTE LETT,ANGELE DUFFLO,,UMP,SOC,,0.40166663177579104,0.2822461692945954,,Davy Champion
57-6,PIERRE LANG,LAURENT KALINOWSKI,,UMP,SOC,,0.4022074867955307,0.28063489643935463,,Davy Champion
57-7,ANDRE WOJCIECHOWSKI,PAOLA ZANETTI,,PRV,SOC,,0.3620366954807976,0.31579849585050246,,Davy Champion
57-8,MICHEL LIEBGOTT,SYLVIE THOMAS-JAMINET,,SOC,UMP,,0.3658703189357124,0.2303122145834365,,Davy Champion
57-9,BERTRAND MERTZ,ANNE GROMMERCH-BRANDENBURGER,,SOC,UMP,,0.3533995665701397,0.346403230907988,,Davy Champion
58-1,MARTINE CARRILLON-COUVREUR,JEAN-LUC GAUTHIER,,SOC,UMP,,0.3809291818779634,0.2617463668919792,,Davy Champion
58-2,CHRISTIAN PAUL,MICHELE BOUCOMONT,,SOC,UMP,,0.4344623625752465,0.2642841881136199,,Davy Champion
59-1,BERNARD ROMAN,HERVE-MARIE MORELLE,,SOC,UMP,,0.4373255109833211,0.25201081204368664,,Davy Champion
59-10,CHRISTIAN VANNESTE,GERALD DARMANIN,,DVD,UMP,,0.2810139351174305,0.2211717796872159,,Davy Champion
59-11,YVES DURAND,NATHALIE ACS,,SOC,FN,,0.4714351742885213,0.0903352644210891,,Davy Champion
59-12,CHRISTIAN BATAILLE,ANNE-SOPHIE LEVEQUE,,SOC,FN,,0.493576559369829,0.17956578350988353,,Davy Champion
59-13,CHRISTIAN HUTIN,FRANCOIS ROSSEEL,,DVG,UMP,,0.333968317423344,0.30324204256743176,,Davy Champion
59-14,JEAN-PIERRE DECOOL,JEAN SCHEPMAN,,UMP,SOC,,0.4186837769015407,0.298919903374949,,Davy Champion
59-15,FRANCOISE HOSTALIER,JEAN-PIERRE ALLOSSERY,,UMP,SOC,,0.36182091993177845,0.31919030425905237,,Davy Champion
59-18,FRANCOIS-XAVIER VILLAIN,MARTINE FILLEUL,,UMP,SOC,,0.408661826882359,0.3296801132691909,,Davy Champion
59-19,ANNE-LISE DUFOUR-TONINI,OLIVIER CAPRON,,SOC,UMP,,0.292198742608195,0.240436179207766,,Davy Champion
59-2,AUDREY LINKENHELD,CAROLINE BOISARD-VANNIER,,SOC,UMP,,0.37548687598844,0.24804379296357695,,Davy Champion
59-20,ALAIN BOCQUET,SEBASTIEN URGU,,FDG,SOC,,0.3906141273473271,0.25805646894546974,,Davy Champion
59-21,JEAN-LOUIS BORLOO,GUY CANNIE,,PRV,FN,,0.5512506667490065,0.16962247741776484,,Davy Champion
59-3,CHRISTINE MARIN,REMI PAUVROS,,UMP,SOC,,0.2901079340486635,0.24108222323273965,,Davy Champion
59-4,MARC-PHILIPPE DAUBRESSE,HELENE PARRA,,UMP,SOC,,0.4623328629597137,0.30577748111733916,,Davy Champion
59-5,SEBASTIEN HUYGHE,ALAIN CACHEUX,,UMP,SOC,,0.36530912019297285,0.3489187002687474,,Davy Champion
59-6,THIERRY LAZARO,ANGELIQUE DEFFONTAINE,,UMP,SOC,,0.4334496251603891,0.28793026519479104,,Davy Champion
59-7,MARJOLAINE PIERRAT-FERAILLE,FRANCIS VERCAMER,,SOC,NouvC,,0.3572564683186227,0.32878562501122627,,Davy Champion
59-8,DOMINIQUE BAERT,SALIMA SAA,,DVG,UMP,,0.35219843006741003,0.3049950603261171,,Davy Champion
59-9,BERNARD GERARD,JACQUES MUTEZ,,UMP,RDG,,0.4888702022990718,0.08426653183070791,,Davy Champion
6-1,ERIC CIOTTI,PATRICK ALLEMAND,,UMP,SOC,,0.4371471964375925,0.31445398351216514,,Davy Champion
6-2,CHARLES-ANGE GINESY,ANDRE ASCHIERI,,UMP,ECO,,0.369439999103895,0.30637320904573556,,Davy Champion
6-3,RUDY SALLES,CHRISTINE DOREJO,,NouvC,SOC,,0.34817945389511584,0.2630213849354947,,Davy Champion
6-4,JEAN-CLAUDE GUIBAL,PASCALE GERARD,,UMP,SOC,,0.38438017955787485,0.3181178836046607,,Davy Champion
6-5,CHRISTIAN ESTROSI,PAUL CUTURELLO,,UMP,SOC,,0.41635953070050996,0.32294966682952925,,Davy Champion
6-6,LIONNEL LUCA,SYLVIE GAUTIER,,UMP,SOC,,0.4383006863117456,0.28147144563081306,,Davy Champion
6-7,JEAN LEONETTI,MATHILDE VIOT,,UMP,FN,,0.6165605898519315,0.11988055746873191,,Davy Champion
6-8,BERNARD BROCHAND,ADRIEN GROSJEAN,,UMP,FN,,0.610796456616917,0.15414337084531615,,Davy Champion
6-9,MICHELE TABAROT,MARIE-LOUISE GOURDON,,UMP,SOC,,0.401514200585712,0.26515100802030767,,Davy Champion
60-1,OLIVIER DASSAULT,BEATRICE LEJEUNE,,UMP,SOC,,0.3995574836396117,0.2793967962009558,,Davy Champion
60-2,JEAN-FRANCOIS MANCEL,SYLVIE HOUSSIN,,UMP,SOC,,0.38349982103961333,0.2939115830225591,,Davy Champion
60-3,MICHEL FRANCAIX,MARIE-CHRISTINE SALMONA,,SOC,UMP,,0.4221767600209105,0.2554252216746578,,Davy Champion
60-4,ERIC WOERTH,MYLENE TROSZCYNSKI,,UMP,FN,,0.5338278050953387,0.13520029305513492,,Davy Champion
60-5,LUCIEN DEGAUCHY,JEAN-PAUL LETOURNEUR,,UMP,FN,,0.5660046452839536,0.15088861930049777,,Davy Champion
60-6,FRANCOIS-MICHEL GONNOT,PATRICE CARVALHO,,UMP,FDG,,0.4461774056103944,0.17938666351880317,,Davy Champion
60-7,EDOUARD COURTIAL,CLAUDE GEWERC,,UMP,SOC,,0.40262224599496965,0.28924526042123166,,Davy Champion
61-1,BERTRAND DENIAUD,JOAQUIM PUEYO,,UMP,SOC,,0.3447710450300993,0.3181729867317101,,Davy Champion
61-2,VERONIQUE LOUWAGIE,SOUAD EL MANAA,,UMP,SOC,,0.3133428974727138,0.29067707807989074,,Davy Champion
61-3,JEROME NURY,JEROME DE CARRARA,,UMP,DVD,,0.44399736180495925,0.12078989347592492,,Davy Champion
62-1,MICHEL PETIT,JEAN-JACQUES COTTEL,,UMP,SOC,,0.33481280125051704,0.32598857754163757,,Davy Champion
62-10,SERGE JANQUIN,MAUREEN LELEU,,SOC,UMP,,0.38230221592941116,0.22758275555126017,,Davy Champion
62-11,PHILIPPE KEMEL,MARINE LE PEN,,SOC,FN,,0.3260920000121694,0.26475434072786286,,Davy Champion
62-12,JEAN-PIERRE KUCHEIDA,NICOLAS BAYS,,DVG,SOC,,0.2618762946821696,0.2459117817404523,,Davy Champion
62-2,JACQUELINE MAQUET,JEAN-MARIE PRESTAUX,,SOC,UMP,,0.41351234864589115,0.30914533020995616,,Davy Champion
62-3,GUY DELCOURT,SOPHIE GAUTHY,,SOC,UMP,,0.38171684251886423,0.2321918105792977,,Davy Champion
62-4,DANIEL FASQUELLE,VINCENT LENA,,UMP,SOC,,0.4277452743077727,0.30872578121614713,,Davy Champion
62-5,FREDERIC CUVILLIER,ANTOINE GOLLIOT,,SOC,FN,,0.548944902867454,0.14251647197598158,,Davy Champion
62-6,BRIGITTE BOURGUIGNON,FREDERIC WACHEUX,,SOC,UMP,,0.3104388263726172,0.29543052575412676,,Davy Champion
62-7,YANN CAPET,PHILIPPE MIGNONET,,SOC,UMP,,0.30704077009425174,0.22508724124873042,,Davy Champion
62-8,MICHEL LEFAIT,EVELYNE GERONNEZ,,SOC,FN,,0.5498843506706931,0.13662284823267953,,Davy Champion
62-9,ANDRE FLAJOLET,AURELIA BEIGNEUX,,UMP,FN,,0.39189094250300444,0.12489238480323131,,Davy Champion
63-1,ODILE SAUGUES,JEAN-PIERRE BRENAS,,SOC,UMP,,0.39465844525562255,0.26853070412189406,,Davy Champion
63-2,CHRISTINE PIRES BEAUNE,LIONEL MULLER,,SOC,UMP,,0.4147298178091742,0.3130334972132917,,Davy Champion
63-3,LOUIS GISCARD D'ESTAING,PHILIPPE GORCE,,UMP,DVG,,0.5490084427048351,0.0915470141784965,,Davy Champion
63-4,JEAN-PAUL BACQUET,BERTRAND BARRAUD,,SOC,UMP,,0.4255310642663934,0.28194962045443583,,Davy Champion
64-1,MARTINE LIGNIERES-CASSOU,NICOLAS PATRIARCHE,,SOC,UMP,,0.39483607029094,0.24492646138677457,,Davy Champion
64-3,DAVID HABIB,BEATRICE YRONDI,,SOC,UMP,,0.4230384330716056,0.25433813198865785,,Davy Champion
64-5,JEAN GRENET,COLETTE CAPDEVIELLE,,PRV,SOC,,0.3524581182530552,0.3461162688026348,,Davy Champion
64-6,MICHELE ALLIOT-MARIE,SYLVIANE ALAUX,,UMP,SOC,,0.3764905960476661,0.3157208490346824,,Davy Champion
65-1,JEAN GLAVANY,GERARD TREMEGE,,SOC,PRV,,0.45223194888502816,0.27058064037547974,,Davy Champion
65-2,JEAN-PIERRE ARTIGANAVE,MARIE-PIERRE VIEU,,UMP,FDG,,0.41814568667365015,0.10153380533809415,,Davy Champion
66-1,DANIEL MACH,JEAN VILA,,UMP,FDG,,0.3617713701019697,0.15978948735838558,,Davy Champion
66-2,FERNAND SIRE,TOUSSAINTE CALABRESE,,UMP,SOC,,0.30515473290432876,0.30006364979189315,,Davy Champion
66-3,SEGOLENE NEUVILLE,JEAN CASTEX,,SOC,UMP,,0.323295009442706,0.289573352308724,,Davy Champion
66-4,JACQUELINE IRLES,PIERRE AYLAGAS,,UMP,SOC,,0.36635997760592315,0.33245205427765245,,Davy Champion
67-1,ARMAND JUNG,ANNE HULNE,,SOC,UMP,,0.437118705872008,0.3147857235203465,,Davy Champion
67-2,JEAN-PHILIPPE MAURER,PHILIPPE BIES,,UMP,SOC,,0.37903416498340325,0.3323192991014124,,Davy Champion
67-3,ANDRE SCHNEIDER,JEAN-PAUL LEONHARDT,,UMP,DVD,,0.6066652617993621,0.11864894205585969,,Davy Champion
67-4,SOPHIE ROHFRITSCH,NADINE SOCCIO,,UMP,SOC,,0.3518506869595213,0.29271037560753504,,Davy Champion
67-5,ANTOINE HERTH,CHRISTIAN COTELLE,,UMP,FN,,0.6536371525515373,0.17045793047002997,,Davy Champion
67-6,LAURENT FURST,ASTRID SCHARLY,,UMP,SOC,,0.36861194926125834,0.338998052925436,,Davy Champion
67-7,PATRICK HETZEL,LAURENT GNAEDIG,,UMP,FN,,0.48657598445491906,0.18081348095799502,,Davy Champion
67-8,FREDERIC REISS,NICOLE HABERMACHER,,UMP,SOC,,0.4515924594546404,0.30172190702671037,,Davy Champion
67-9,NICOLE THOMAS,CLARISSE CHABOD,,UMP,SOC,,0.37465803848066215,0.3204027757811503,,Davy Champion
68-1,ERIC STRAUMANN,VICTORINE VALENTIN,,UMP,SOC,,0.2785219660725884,0.2542689705091323,,Davy Champion
68-2,JEAN-LOUIS CHRIST,JULIA ABRAHAM,,UMP,FN,,0.5474053384069373,0.145872778874193,,Davy Champion
68-3,JEAN-LUC REITZER,STEPHANIE FAESCH,,UMP,FN,,0.5344077571481471,0.143754067753517,,Davy Champion
68-4,MICHEL SORDI,ANTOINE HOME,,UMP,SOC,,0.4260234853300931,0.3460288531871143,,Davy Champion
68-5,ARLETTE GROSSKOST,PIERRE FREYBURGER,,UMP,SOC,,0.4352328291268771,0.3139993861344328,,Davy Champion
68-6,FRANCIS HILLMEYER,MALIKA SCHMIDLIN-BEN M'BAREK,,NouvC,SOC,,0.38245370120310046,0.30277733630220444,,Davy Champion
69-1,MICHEL HAVARD,THIERRY BRAILLARD,,UMP,RDG,,0.41689944619134833,0.16342923018369623,,Davy Champion
69-10,CHRISTOPHE GUILLOTEAU,FLORENCE PERRIN,,UMP,SOC,,0.36280715298450417,0.27571427981160485,,Davy Champion
69-11,GEORGES FENECH,GUY PALLUY,,UMP,DVG,,0.4272917068129648,0.10610062506880581,,Davy Champion
69-12,MICHEL TERROT,JOELLE SECHAUD,,UMP,SOC,,0.42315281158941204,0.31087181864444124,,Davy Champion
69-13,PHILIPPE MEUNIER,FARIDA BOUDAOUD,,UMP,SOC,,0.4072219554897902,0.30609137684102056,,Davy Champion
69-14,YVES BLEIN,CHRISTOPHE GIRARD,,SOC,UMP,,0.438474040907655,0.09971740728761797,,Davy Champion
69-2,PIERRE-ALAIN MUET,EMMANUEL HAMELIN,,SOC,UMP,,0.36321132394038663,0.27344984738023537,,Davy Champion
69-3,JEAN-LOUIS TOURAINE,LAURE DAGORNE,,SOC,UMP,,0.3173617367350468,0.22627645526268927,,Davy Champion
69-4,DOMINIQUE NACHURY,ANNE BRUGNERA,,UMP,SOC,,0.30100774025270816,0.29843861050535003,,Davy Champion
69-5,PHILIPPE COCHET,JACKY DARNE,,UMP,SOC,,0.4020540496351176,0.2857978783837086,,Davy Champion
69-6,PASCALE CROZON,EMMANUELLE HAZIZA,,SOC,UMP,,0.4283273063754443,0.28376142011343936,,Davy Champion
69-7,HELENE GEOFFROY,JEAN-FRANCOIS DEBIOL,,SOC,DVD,,0.3079793997576676,0.21978034003042002,,Davy Champion
69-8,PATRICE VERCHERE,SHEILA MC CARRON,,UMP,SOC,,0.3919505331717812,0.34213454650861824,,Davy Champion
69-9,BERNARD PERRUT,JULIEN ROCHEDY,,UMP,FN,,0.4886001797744147,0.10958576165117143,,Davy Champion
7-1,PASCAL TERRASSE,CHRISTIAN GRANGIS,,SOC,FN,,0.5925007955913184,0.14067615546291834,,Davy Champion
7-2,OLIVIER DUSSOPT,MATHIEU DARNAUD,,SOC,UMP,,0.3567447954409401,0.31771346619462454,,Davy Champion
7-3,JEAN-CLAUDE FLORY,SABINE BUIS,,UMP,SOC,,0.4125850400256711,0.31921458867462477,,Davy Champion
70-1,ALAIN CHRETIEN,CLAUDY CHAUVELOT-DUBAN,,UMP,SOC,,0.3445141576740407,0.31962190303633337,,Davy Champion
70-2,MICHEL RAISON,JEAN-MICHEL VILLAUME,,UMP,SOC,,0.3909065765665147,0.3194891133450675,,Davy Champion
71-1,GERARD VOISIN,THOMAS THEVENOUD,,UMP,SOC,,0.3887714116820564,0.3019368886854005,,Davy Champion
71-2,JEAN-MARC NESME,EDITH GUEUGNEAU,,UMP,DVG,,0.5677998276765461,0.13043707563380988,,Davy Champion
71-3,JEAN-PAUL ANCIAUX,PHILIPPE BAUMEL,,UMP,SOC,,0.39934208483695416,0.32534160036090826,,Davy Champion
71-4,ARNAUD DANJEAN,CECILE UNTERMAIER,,UMP,SOC,,0.3534911996307594,0.3442229988456195,,Davy Champion
71-5,CHRISTOPHE SIRUGUE,CHRISTIAN LAUNAY,,SOC,FN,,0.6418218570403051,0.10395273526542839,,Davy Champion
72-1,FABIENNE LABRETTE-MENAGER,FRANCOISE DUBOIS,,UMP,SOC,,0.4334660507388545,0.3167620057349042,,Davy Champion
72-2,MARIETTA KARAMANLI,PHILIPPE METIVIER,,SOC,UMP,,0.46707447194865387,0.29749512076719725,,Davy Champion
72-3,BEATRICE PAVY-MORANCAIS,JEAN-CLAUDE BARLEMONT,,UMP,FN,,0.5316173033730078,0.12597998679272077,,Davy Champion
72-4,STEPHANE LE FOLL,MARC JOULAUD,,SOC,UMP,,0.4113712475967706,0.3679528930262366,,Davy Champion
72-5,DOMINIQUE LE MENER,CHRISTOPHE ROUILLON,,UMP,SOC,,0.45885667434088173,0.3375659642394758,,Davy Champion
73-1,DOMINIQUE DORD,VERONIQUE-JEANNE DRAPEAU,,UMP,FN,,0.5971833816032937,0.12446395092935171,,Davy Champion
73-2,HERVE GAYMARD,FRANCOIS RIEU,,UMP,SOC,,0.41178992100129974,0.3128172513158244,,Davy Champion
73-3,BEATRICE SANTAIS,ERIC MARMILLON,,SOC,FN,,0.5026710637179682,0.15475444443180428,,Davy Champion
73-4,BERNADETTE LACLAIS,JEAN-CLAUDE BERNARD,,SOC,FDG,,0.5393030660566492,0.10396781217128133,,Davy Champion
74-1,BERNARD ACCOYER,CHRISTIAN JEANTET,,UMP,SOC,,0.41308439493163224,0.3111642159725645,,Davy Champion
74-2,LIONEL TARDY,DENIS DUPERTHUY,,UMP,SOC,,0.35105992678496606,0.3320113921172798,,Davy Champion
74-3,MARTIAL SADDIER,KATIA TERRAS,,UMP,FN,,0.5331766224737771,0.12759107234492895,,Davy Champion
74-4,VIRGINIE DUBY-MULLER,GUILLAUME MATHELIER,,UMP,SOC,,0.30485893785670237,0.2975496161307393,,Davy Champion
74-5,MARC FRANCINA,PASCALE ESCOUBES,,UMP,SOC,,0.415283540422755,0.3006978527594765,,Davy Champion
74-6,SOPHIE DION,DOMINIQUE MARTIN,,UMP,FN,,0.33688801532239027,0.0996687108739112,,Davy Champion
75-1,PIERRE LELLOUCHE,CLAIRE MOREL,,UMP,SOC,,0.3442185050019827,0.2775590469022532,,Davy Champion
75-10,CHENVA TIEU,BRUNO LALOUETTE,,UMP,FN,,0.38367840995547353,0.1915950251496223,,Davy Champion
75-11,PASCAL CHERKI,JEAN-PIERRE LECOQ,,SOC,UMP,,0.3650849279454248,0.2979467119463195,,Davy Champion
75-12,PHILIPPE GOUJON,CAPUCINE EDOU,,UMP,SOC,,0.3453834657572973,0.28550234966257915,,Davy Champion
75-13,JEAN-FRANCOIS LAMOUR,DELPHINE GIRARD,,UMP,MDM,,0.3796528361134846,0.18888476669415172,,Davy Champion
75-14,CLAUDE GOASGUEN,ANNIE NOVELLI,,UMP,SOC,,0.2990613572077763,0.2481873248088199,,Davy Champion
75-15,GEORGE PAU-LANGEVIN,NATHALIE FANFANT,,SOC,UMP,,0.4176508551796728,0.23228633999807807,,Davy Champion
75-16,JEAN-CHRISTOPHE CAMBADELIS,JEAN-JACQUES GIANNESINI,,SOC,UMP,,0.40792687478066936,0.21784713942478062,,Davy Champion
75-17,DANIEL VAILLANT,VANESSA LANCELOT,,SOC,FN,,0.4404828953646378,0.13475105194538808,,Davy Champion
75-18,CHRISTOPHE CARESCHE,PIERRE-YVES BOURNAZEL,,SOC,UMP,,0.4461923103641921,0.23739899312358168,,Davy Champion
75-2,FRANCOIS FILLON,AXEL KAHN,,UMP,SOC,,0.33228606457302606,0.2803943826208574,,Davy Champion
75-3,ANNICK LEPETIT,VALERIE PAPAREMBORDE,,SOC,UMP,,0.3659899524265869,0.2475749168781108,,Davy Champion
75-4,BERNARD DEBRE,AGNES PANNIER,,UMP,SOC,,0.26063694258152753,0.21661028677447086,,Davy Champion
75-6,JACK-YVES BOHBOT,FRANCOIS VIAL,,UMP,FN,,0.3690904632364071,0.14926897958703372,,Davy Champion
75-7,PATRICK BLOCHE,CLAUDE-ANNICK TISSOT,,SOC,UMP,,0.4164471748025431,0.24215614776206276,,Davy Champion
75-8,SANDRINE MAZETIER,CHARLES BEIGBEDER,,SOC,UMP,,0.3211160505928413,0.23889714261905812,,Davy Champion
75-9,JEAN-MARIE LE GUEN,ANNE-SOPHIE SOUHAITE,,SOC,UMP,,0.4030337552784349,0.22383586006893139,,Davy Champion
76-1,VALERIE FOURNEYRON,DIDIER POLIN,,SOC,MDM,,0.5718715401184002,0.06107168644959932,,Davy Champion
76-10,ALFRED TRASSY-PAILLOGUES,DOMINIQUE CHAUVEL,,UMP,SOC,,0.4336377794795176,0.31401154119436425,,Davy Champion
76-2,FRANCOISE GUEGOT,CHRISTIAN GAUTHIER,,UMP,FDG,,0.5344844642738225,0.12071486576994252,,Davy Champion
76-3,LUCE PANE,HUBERT WULFRANC,,SOC,FDG,,0.519573748221682,0.16558892899021171,,Davy Champion
76-4,LAURENT FABIUS,CLAIRE LUTZ,,SOC,ECO,,0.5796362541956618,0.13517177854700071,,Davy Champion
76-5,CHRISTOPHE BOUILLON,VALERIE KARMERE-LOISEL,,SOC,UMP,,0.4207080999093029,0.27796841360738295,,Davy Champion
76-6,MICHEL LEJEUNE,SANDRINE HUREL,,UMP,SOC,,0.39128048401266236,0.3377344024384448,,Davy Champion
76-7,LAURENT LOGIOU,EDOUARD PHILIPPE,,SOC,UMP,,0.37111245845484236,0.3598260531651826,,Davy Champion
76-8,CATHERINE TROALLIC,JEAN-PAUL LECOQ,,SOC,FDG,,0.3119396201476853,0.3090890549878683,,Davy Champion
76-9,DANIEL FIDELIN,ESTELLE GRELIER,,UMP,SOC,,0.4309364385381798,0.30933910836268474,,Davy Champion
77-1,JEAN-CLAUDE MIGNON,LIONEL WALKER,,UMP,SOC,,0.33855879642144177,0.2455758012859914,,Davy Champion
77-10,EMERIC BREHIER,CLAUDINE THOMAS,,SOC,UMP,,0.3826992929342465,0.2544805445460189,,Davy Champion
77-11,OLIVIER FAURE,CATHY BISSONNIER,,SOC,UMP,,0.3931467578045896,0.2553930770407081,,Davy Champion
77-2,VALERIE LACROUTE,ROSELINE SARKISSIAN,,UMP,SOC,,0.29515162319663346,0.2692628199740269,,Davy Champion
77-3,YVES JEGO,PATRICIA INGHELBRECHT,,PRV,SOC,,0.35267991079435373,0.2919623168754642,,Davy Champion
77-4,CHRISTIAN JACOB,CELIA FIRMIN,,UMP,SOC,,0.43173449296895283,0.26717740905362986,,Davy Champion
77-5,FRANCK RIESTER,ELISABETH ESCUYER,,UMP,SOC,,0.42167693966517206,0.2871342969673901,,Davy Champion
77-6,JEAN-FRANCOIS COPE,MARIE-CHRISTINE ARNAUTU,,UMP,FN,,0.5785858862847888,0.12008064595149744,,Davy Champion
77-7,YVES ALBARELLO,SOPHIE CERQUEIRA,,UMP,SOC,,0.41756978939507283,0.3012547558412568,,Davy Champion
77-8,CHANTAL BRUNEL,EDUARDO RIHAN CYPEL,,UMP,SOC,,0.39267726935768127,0.3208435766515872,,Davy Champion
77-9,GUY GEOFFROY,SEBASTIEN PODEVYN,,UMP,SOC,,0.4399358812327679,0.3231454592392462,,Davy Champion
78-1,FRANCOIS DE MAZIERES,ISABELLE THIS SAINT-JEAN,,UMP,SOC,,0.3221196177731233,0.32106796788988423,,Davy Champion
78-10,JEAN-FREDERIC POISSON,ANNY POURSINOFF,,UMP,ECO,,0.4279563797322355,0.0945373260818243,,Davy Champion
78-11,BENOIT HAMON,JEAN-MICHEL FOURGOUS,,SOC,UMP,,0.3751449343728876,0.35629988195279627,,Davy Champion
78-12,DAVID DOUILLET,FREDERIK BERNARD,,UMP,SOC,,0.3703889988834192,0.3425114008068443,,Davy Champion
78-2,VALERIE PECRESSE,JACQUES LOLLIOZ,,UMP,SOC,,0.4071825684798919,0.3204001208353639,,Davy Champion
78-3,HENRI GUAINO,FABIENNE GELGON-BILBAULT,,UMP,SOC,,0.2807569909961488,0.26608386902365466,,Davy Champion
78-4,PIERRE LEQUILLER,SANDRINE DUBOS,,UMP,SOC,,0.3505534441862334,0.27605207758277245,,Davy Champion
78-5,JACQUES MYARD,MICHELE VITRAC-POUZOULET,,UMP,SOC,,0.387970152315841,0.36830267047917614,,Davy Champion
78-6,PIERRE MORANGE,EDDIE AIT,,UMP,RDG,,0.5004614068834022,0.16658219140407451,,Davy Champion
78-7,ESTELLE RODES,ALEXANDRE DELPORT,,SOC,FN,,0.47452924184028983,0.07869365124500086,,Davy Champion
78-8,FRANCOISE DESCAMPS-CROSNIER,CECILE DUMOULIN,,SOC,UMP,,0.39993239238586986,0.3022669940992971,,Davy Champion
78-9,JEAN-MARIE TETART,PIERRE CHASSIN,,UMP,FN,,0.4899288736022457,0.10974339719061457,,Davy Champion
79-1,GENEVIEVE GAILLARD,MICHEL MIGNARD,,SOC,ECO,,0.5570923590755739,0.09956432080654903,,Davy Champion
79-2,DELPHINE BATHO,PHILIPPE MAURIN,,SOC,FN,,0.6290528300802534,0.07273874098219717,,Davy Champion
79-3,JEAN GRELLIER,PHILIPPE MOUILLER,,SOC,UMP,,0.3728439614868418,0.3198239292535892,,Davy Champion
8-1,BERENGERE POLETTI,CLAUDINE LEDOUX,,UMP,SOC,,0.40589565509651504,0.3174237838979416,,Davy Champion
8-3,JEAN-LUC WARSMANN,NELLY FESSEAU,,UMP,SOC,,0.41951820024582964,0.30835060778962725,,Davy Champion
80-1,PASCALE BOISTARD,STEPHANE DECAYEUX,,SOC,UMP,,0.3993160361997762,0.29386755584242263,,Davy Champion
80-2,OLIVIER JARDE,VALERY DRUEL,,NouvC,FN,,0.5643212036753993,0.09486352377239603,,Davy Champion
80-3,JEROME BIGNON,JEAN-CLAUDE BUISINE,,UMP,SOC,,0.3890247292439906,0.3066059905379393,,Davy Champion
80-4,ALAIN GEST,CATHERINE QUIGNON,,UMP,SOC,,0.4244000679295662,0.32423616900731556,,Davy Champion
80-5,STEPHANE DEMILLY,VALERIE KUMM,,NouvC,SOC,,0.3455910123464887,0.28263060756416586,,Davy Champion
81-2,JACQUES VALAX,MARIE-CHRISTINE BOUTONNET,,SOC,FN,,0.4903082547477997,0.09050941095607677,,Davy Champion
81-3,BERNARD CARAYON,LINDA GOURJADE,,UMP,SOC,,0.36531787211823785,0.296958270963931,,Davy Champion
82-1,BRIGITTE BAREGES,VALERIE RABAULT,,UMP,SOC,,0.3621522179203291,0.3006170853844541,,Davy Champion
83-1,GENEVIEVE LEVY,ROBERT ALFONSI,,UMP,SOC,,0.4011418220886451,0.2802045146015208,,Davy Champion
83-2,PHILIPPE VITEL,MIREILLE PEIRANO,,UMP,SOC,,0.40257977438579584,0.2878175047788977,,Davy Champion
83-3,JEAN-PIERRE GIRAN,BRUNO GOLLNISCH,,UMP,FN,,0.46266738555957454,0.13542183756972442,,Davy Champion
83-4,JEAN-MICHEL COUVE,JEAN-LOUIS BOUGUEREAU,,UMP,FN,,0.5088768115768947,0.1472372804527208,,Davy Champion
83-5,JORDI-DIT-GEORGES GINESTA,MARTINE BOUVARD,,UMP,SOC,,0.3626326997129165,0.3113174097712652,,Davy Champion
83-6,JOSETTE PONS,ARMELLE DE PIERREFEU,,UMP,FN,,0.5038114339416587,0.15012060683910394,,Davy Champion
83-7,JEAN-SEBASTIEN VIALATTE,ARTHUR PAECHT,,UMP,DVD,,0.37975180467831626,0.22413445907247764,,Davy Champion
83-8,OLIVIER AUDIBERT-TROIN,BERNARD CLAP,,UMP,SOC,,0.2979818386056626,0.2954325655304622,,Davy Champion
84-1,MICHELE FOURNIER-ARMAND,VALERIE WAGNER,,SOC,UMP,,0.34390857283122095,0.24576918746713136,,Davy Champion
84-2,JEAN-CLAUDE BOUCHET,EMILE CAVASINO,,UMP,FN,,0.4470363194060321,0.1895102673178112,,Davy Champion
84-3,JEAN-MICHEL FERRAND,CATHERINE ARKILOVITCH,,UMP,SOC,,0.37731693775911795,0.2649033873513486,,Davy Champion
84-4,PIERRE MEFFRE,BENEDICTE MARTIN,,SOC,UMP,,0.28883443969487166,0.2564548268098241,,Davy Champion
84-5,JULIEN AUBERT,JEAN-FRANCOIS LOVISOLO,,UMP,SOC,,0.32584991747670433,0.31730150479443836,,Davy Champion
85-1,MARTINE CHANTECAILLE,ALAIN LEBOEUF,,SOC,DVD,,0.41805419653395515,0.19101835942553766,,Davy Champion
85-2,DOMINIQUE CAILLAUD,SYLVIANE BULTEAU,,UMP,SOC,,0.38669302965576263,0.28205178209676324,,Davy Champion
85-3,LOUIS GUEDON,JACQUES FRAISSE,,UMP,SOC,,0.3614538100269137,0.2754487989051239,,Davy Champion
85-4,VERONIQUE BESSE,MAI HAEFFELIN,,DVD,SOC,,0.4116146499810571,0.32647424235862815,,Davy Champion
85-5,JOEL SARLOT,HUGUES FOURAGE,,UMP,SOC,,0.36764027968996277,0.28327274195642144,,Davy Champion
86-1,ALAIN CLAEYS,JACQUELINE DAIGRE,,SOC,UMP,,0.4238499387917501,0.258716282186826,,Davy Champion
86-2,CATHERINE COUTELLE,OLIVIER CHARTIER,,SOC,UMP,,0.41140920208060894,0.28988305538501874,,Davy Champion
86-3,JEAN-MICHEL CLEMENT,ENGUERRAND DELANNOY,,SOC,UMP,,0.3699223570028039,0.30427752666399566,,Davy Champion
86-4,JEAN-PIERRE ABELIN,ERIC AUDEBERT,,NouvC,FN,,0.4216252512832119,0.0834553384101253,,Davy Champion
87-1,ALAIN RODET,FLORENCE PREVOT-SOLA,,SOC,UMP,,0.4674608267474911,0.261471085468898,,Davy Champion
87-2,DANIEL BOISSERIE,FREDERICK PEYRONNET,,SOC,UMP,,0.4649046583843422,0.2703004655470318,,Davy Champion
87-3,CATHERINE BEAUBATIE,MONIQUE BOULESTIN,,SOC,DVG,,0.4139637001000253,0.35048527166772614,,Davy Champion
88-1,MICHEL HEINRICH,JORDAN GROSSE-CRUCIANI,,UMP,FN,,0.5616110951166927,0.13882521174939128,,Davy Champion
88-2,GERARD CHERPION,JACK LANG,,UMP,SOC,,0.3731889999060185,0.36990448996999015,,Davy Champion
88-3,FRANCOIS VANNSON,ELISE CALAIS,,UMP,SOC,,0.40112413150039733,0.2850176694047842,,Davy Champion
88-4,JEAN-JACQUES GAULTIER,CHRISTIAN FRANQUEVILLE,,UMP,SOC,,0.44709007446865145,0.3100671971338954,,Davy Champion
89-1,GUILLAUME LARRIVE,GUY FEREZ,,UMP,SOC,,0.359082583419812,0.3463629266597513,,Davy Champion
89-2,JEAN-MARIE ROLLAND,JEAN-YVES CAULLET,,UMP,SOC,,0.4336183907860821,0.3259447505958704,,Davy Champion
89-3,MARIE-LOUISE FORT,NICOLAS SORET,,UMP,SOC,,0.34763531038353546,0.2865516157673262,,Davy Champion
9-1,FREDERIQUE MASSAT,NICOLE GERONA,,SOC,UMP,,0.442077490204348,0.2452169519684264,,Davy Champion
9-2,ALAIN FAURE,PHILIPPE CALLEJA,,SOC,UMP,,0.397547328873658,0.24571468436755617,,Davy Champion
90-1,DAMIEN MESLOT,ANNE-MARIE FORCINAL,,UMP,SOC,,0.4036280158937468,0.2832944022998498,,Davy Champion
90-2,MICHEL ZUMKELLER,ISABELLE ROY,,PRV,FN,,0.5125042978282983,0.15369626486806684,,Davy Champion
91-1,MANUEL VALLS,CRISTELA DE OLIVEIRA,,SOC,UMP,,0.47203791942411083,0.2608551147811889,,Davy Champion
91-10,MALEK BOUTIH,FRANCOIS DELAPIERRE,,SOC,FDG,,0.5008042278936505,0.08634593634177826,,Davy Champion
91-2,FRANCK MARLIN,BEATRICE PERIE,,UMP,SOC,,0.41606250710376325,0.27283215104739494,,Davy Champion
91-3,GENEVIEVE COLOT,MICHEL POUZOL,,UMP,SOC,,0.42827991420547706,0.31962455750832014,,Davy Champion
91-4,NATHALIE KOSCIUSKO-MORIZET,OLIVIER THOMAS,,UMP,SOC,,0.39401516231736616,0.31096313906996215,,Davy Champion
91-5,MAUD OLIVIER,HERVE HOCQUARD,,SOC,UMP,,0.26986668312080475,0.22929704054671768,,Davy Champion
91-6,FRANCOIS LAMY,GREGOIRE DE LASTEYRIE,,SOC,UMP,,0.4188294164982745,0.2607414090325192,,Davy Champion
91-7,FRANCOISE BRIAND,AUDREY GUIBERT,,UMP,FN,,0.4062039932853583,0.1034824230107521,,Davy Champion
91-8,NICOLAS DUPONT-AIGNAN,AUDE BRISTOT,,DVD,SOC,,0.35352740038045016,0.2511275584158203,,Davy Champion
91-9,GEORGES TRON,THIERRY MANDON,,UMP,SOC,,0.34845871987493615,0.31506429070824754,,Davy Champion
92-1,ALEXIS BACHELAY,ROLAND MUZEAU,,SOC,FDG,,0.32212366609947823,0.2285258287374419,,Davy Champion
92-10,ANDRE SANTINI,LUCILE SCHMID,,NouvC,ECO,,0.38565271209867363,0.14939306664574703,,Davy Champion
92-11,JULIE SOMMARUGA,MARIE-HELENE AMIABLE,,SOC,FDG,,0.337889691339464,0.21570112451999388,,Davy Champion
92-12,PHILIPPE PEMEZEC,JEAN-MARC GERMAIN,,UMP,SOC,,0.3502335148031407,0.3406370974276273,,Davy Champion
92-13,PATRICK DEVEDJIAN,JULIEN LANDFRIED,,UMP,SOC,,0.34156601393402,0.3129160644779258,,Davy Champion
92-2,MANUEL AESCHLIMANN,SEBASTIEN PIETRASANTA,,UMP,SOC,,0.3931155603618209,0.3540865126920214,,Davy Champion
92-3,JACQUES KOSSOWSKI,JEAN-ANDRE LASSERRE,,UMP,SOC,,0.369145015100698,0.3420811159213436,,Davy Champion
92-4,YACINE DJAZIRI,CHRISTIAN DUPUY,,SOC,UMP,,0.2990562028611289,0.22288517412390235,,Davy Champion
92-5,PATRICK BALKANY,GILLES CATOIRE,,UMP,SOC,,0.3487874736022076,0.3134330629918467,,Davy Champion
92-6,MARIE BRANNENS,FRANCK FAVEUR,,SOC,MDM,,0.46193847964752743,0.12367847103413722,,Davy Champion
92-7,PATRICK OLLIER,BERTRAND ROCHERON,,UMP,SOC,,0.3729856701771203,0.36149170867475183,,Davy Champion
92-8,JEAN-JACQUES GUILLET,CATHERINE LIME-BIFFE,,UMP,SOC,,0.3116818451080089,0.2773698215426493,,Davy Champion
92-9,CLAUDE GUEANT,MARTINE EVEN,,UMP,SOC,,0.367342551127454,0.32015841698848396,,Davy Champion
93-1,BRUNO LE ROUX,HAYAT DHALFA,,SOC,FDG,,0.5860856768655751,0.09879618036262469,,Davy Champion
93-10,DANIEL GOLDBERG,GERARD GAUDRON,,SOC,UMP,,0.3700668097826905,0.257962585910504,,Davy Champion
93-11,FRANCOIS ASENSI,MARTINE VALLETON,,FDG,UMP,,0.37819540274196356,0.27297553301955885,,Davy Champion
93-12,ERIC RAOULT,PASCAL POPELIN,,UMP,SOC,,0.4054102996384825,0.30170580488273757,,Davy Champion
93-2,MATHIEU HANOTIN,PATRICK BRAOUEZEC,,SOC,FDG,,0.27618620983845465,0.2269620575912507,,Davy Champion
93-3,MICHEL PAJON,BRUNO BESCHIZZA,,SOC,UMP,,0.4258354661884959,0.24645869681515492,,Davy Champion
93-4,NAJIA AMZAL,MARIE-GEORGE BUFFET,,SOC,FDG,,0.3243920107079027,0.27898248181078844,,Davy Champion
93-5,JEAN-CHRISTOPHE LAGARDE,MILOUDA LATRECHE,,NouvC,SOC,,0.3249215386621495,0.3112337654334765,,Davy Champion
93-6,ELISABETH GUIGOU,ILONA ZSOTER,,SOC,UMP,,0.37253782428422266,0.23253422795194886,,Davy Champion
93-7,RAZZY HAMMADI,JEAN-PIERRE BRARD,,SOC,FDG,,0.3153789597909755,0.24505696237947533,,Davy Champion
93-8,PATRICE CALMEJANE,ELISABETH POCHON,,UMP,SOC,,0.3441481426468625,0.33142449922173034,,Davy Champion
93-9,CLAUDE BARTOLONE,PASCALE LABBE,,SOC,FDG,,0.5657873902383396,0.09753003430253973,,Davy Champion
94-1,HENRI PLAGNOL,AKLI MELLOULI,,UMP,SOC,,0.3763079931730856,0.33632045709113345,,Davy Champion
94-10,BRUNO CASTELNAU,PIERRE GOSNAT,,UMP,FDG,,0.2820285040213978,0.28147322494669125,,Davy Champion
94-11,JEAN-YVES LE BOUILLONNEC,CHRISTELLE PRACHE,,SOC,UMP,,0.4314139430586383,0.26275185123180944,,Davy Champion
94-2,LAURENT CATHALA,THIERRY HEBBRECHT,,SOC,UMP,,0.3914460759213837,0.23043892325543314,,Davy Champion
94-3,DIDIER GONZALES,ROGER-GERARD SCHWARTZENBERG,,UMP,RDG,,0.4263387004187933,0.14128514228464428,,Davy Champion
94-4,JACQUES-ALAIN BENISTI,SIMONE ABRAHAM-THISSE,,UMP,SOC,,0.35322461423917806,0.3183579901286541,,Davy Champion
94-5,GILLES CARREZ,CAROLINE ADOMO,,UMP,SOC,,0.3535424881531572,0.2584706730090914,,Davy Champion
94-6,PATRICK BEAUDOUIN,LAURENT MURARO,,UMP,DVG,,0.46014234669788456,0.1082025237727257,,Davy Champion
94-7,RICHARD DELL'AGNOLA,JEAN-JACQUES BRIDEY,,UMP,SOC,,0.360089441593197,0.3443251694915005,,Davy Champion
94-8,MICHEL HERBILLON,PATRICIA RICHARD,,UMP,SOC,,0.34817247966625414,0.2579469296952691,,Davy Champion
94-9,RENE ROUQUET,MONIQUE TARON,,SOC,UMP,,0.46365437987951696,0.2766683339124848,,Davy Champion
95-1,PHILIPPE HOUILLON,TATIANA GRUNDLER,,UMP,SOC,,0.4192164846624905,0.2964561811125307,,Davy Champion
95-10,DOMINIQUE LEFEBVRE,AUDREY TAMBORINI,,SOC,UMP,,0.4329655133098376,0.2792825532673948,,Davy Champion
95-2,AXEL PONIATOWSKI,JEAN-PIERRE PERNOT,,UMP,DVG,,0.5860709874493271,0.10914886232326104,,Davy Champion
95-3,JEAN BARDET,MAURICE BOSCAVERT,,UMP,DVG,,0.4764999698895726,0.09477987826925023,,Davy Champion
95-4,CLAUDE BODIN,GERARD SEBAOUN,,UMP,SOC,,0.3633979938385073,0.3122113219995268,,Davy Champion
95-5,GEORGES MOTHRON,PHILIPPE DOUCET,,UMP,SOC,,0.37059195283664803,0.30742151190846984,,Davy Champion
95-6,FRANCOIS SCELLIER,CHRISTINE NERACOULIS,,PRV,SOC,,0.3723116910391426,0.31959392736713865,,Davy Champion
95-7,JEROME CHARTIER,CHARLOTTE BRUN,,UMP,SOC,,0.43369373416572926,0.3200348109531172,,Davy Champion
95-8,FRANCOIS PUPPONI,MARIE-FRANCE BLANCHET,,SOC,UMP,,0.3832312037773692,0.21391279090973672,,Davy Champion
95-9,YANICK PATERNOTTE,JEAN-PIERRE BLAZY,,UMP,SOC,,0.3540609505413457,0.31172571983671343,,Davy Champion
971-1,ERIC JALTON,DANIEL MARSIN,,SOC,DVG,,0.2864468982153138,0.19471891371477637,,Davy Champion
971-2,GABRIELLE LOUIS-CARABIN,CHRISTIAN COUCHY,,DVG,SOC,,0.2797717440808967,0.2692603930726167,,Davy Champion
971-3,MAX MATHIASIN,JEANNY MARC,,SOC,DVG,,0.2821801421049934,0.17688707496848935,,Davy Champion
971-4,VICTORIN LUREL,MARIE-LUCE PENCHARD,,SOC,UMP,,0.3756450529679192,0.21640166821627602,,Davy Champion
972-1,ALFRED MARIE-JEANNE,LOUIS-JOSEPH MANSCOUR,,REG,SOC,,0.25651792839591225,0.23968048929981728,,Davy Champion
972-2,FRANTZ LEBON,YAN MONPLAISIR,,SOC,UMP,,0.2817395438769714,0.22329743639719363,,Davy Champion
972-3,SERGE LETCHIMY,GEORGES VIRASSAMY,,DVG,UMP,,0.36767543618385323,0.2782339035358376,,Davy Champion
972-4,RAYMOND OCCOLIER,CHARLES-ANDRE MENCE,,SOC,SOC,,0.24354488529579268,0.19214071176040526,,Davy Champion
973-1,GABRIEL SERVILLE,CLAUDE PLENET,,SOC,DVG,,0.4313862444143365,0.13782401732346605,,Davy Champion
973-2,LEON BERTRAND,CHANTAL BERTHELOT,,UMP,SOC,,0.29021309153891023,0.28706524960127416,,Davy Champion
974-1,ERICKA BAREIGTS,RENE-PAUL VICTORIA,,SOC,UMP,,0.2761233787198007,0.22099638286452983,,Davy Champion
974-2,LAURENCE LOUGNON,HUGUETTE BELLO,,SOC,DVG,,0.24906434074959796,0.22024651234388112,,Davy Champion
974-3,JEAN-JACQUES VLODY,ANDRE THIEN AH KOON,,SOC,DVD,,0.4088922085345226,0.20144445544526024,,Davy Champion
974-4,PATRICK LEBRETON,BEATRICE SIGISMEAU,,SOC,UMP,,0.35819300362522594,0.21347197247811062,,Davy Champion
974-5,JEAN-CLAUDE FRUTEAU,ERIC FRUTEAU,,SOC,DVG,,0.4441489648668239,0.07998756661306726,,Davy Champion
974-6,MONIQUE ORPHE,JEAN-LOUIS LAGOURGUE,,SOC,UMP,,0.30401507681172873,0.2461459724632075,,Davy Champion
974-7,JEAN-MARIE LASSON,JEAN-CLAUDE LACOUTURE,,SOC,UMP,,0.367466643950672,0.28320640363248567,,Davy Champion
975-1,FRANCOIS ZIMMERMANN,ANNICK GIRARDIN,,UMP,RDG,,0.3300986589766766,0.309438485515457,,Davy Champion
979-1,LOUIS MUSSINGTON,DANIEL GIBBES,,SOC,UMP,,0.2775215805850367,0.2602820666427951,,Davy Champion
985-1,MOHAMADI SOUMAILA,RAMLATI ALI,,UMP,SOC,,0.18391723013173658,0.17623748608333722,,Davy Champion
985-2,MANSOUR KAMARDINE,IBRAHIM ABOUBACAR,,UMP,SOC,,0.38927185938235703,0.321460172657678,,Davy Champion
987-1,POEMA TANG-PIDOUX,TEVAHINE MAIROTO,,UMP,DVD,,0.29970801826735566,0.10816202513380807,,Davy Champion
987-2,BRUNO SANDRAS,SANDRA LEVY-AGAMI,,UMP,DVD,,0.38412264349103226,0.12554932488625645,,Davy Champion
987-3,GASTON TONG SANG,JEAN-CHRISTOPHE BOUISSOU,,UMP,DVD,,0.3223098632466609,0.1619807395132827,,Davy Champion
988-1,GAEL YANNO,MICHEL JORDA,,UMP,SOC,,0.24929972004644774,0.20904633240439222,,Davy Champion
988-2,ERIC GAY,PHILIPPE GOMES,,UMP,DVD,,0.3851100956004804,0.2803996905630017,,Davy Champion
14-2,LAURENCE DUMONT,AMANDINE FRANCOIS,RODOLPHE THOMAS,SOC,UMP,MDM,0.3515972391218207,0.22641375731773822,0.22550523715139445,Davy Champion
35-7,PASCAL CLEMENT,NICOLAS BELLOIR,ISABELLE THOMAS,FN,UMP,SOC,0.3043314753822906,0.2244718348613557,0.22298274189034453,Davy Champion
46-1,DOMINIQUE ORLIAC,AURELIEN PRADIE,MICHEL ROUMEGOUX,RDG,UMP,MDM,0.28347788460875184,0.22824286815483089,0.21352044719330507,Davy Champion
47-1,JEAN DIONIS DU SEJOUR,LUCETTE LOUSTEAU,CHRISTINE BONFANTI-DOSSAT,NouvC,SOC,UMP,0.2513016546958753,0.21643563750471562,0.20615089299241673,Davy Champion
48-1,PIERRE MOREL A L'HUISSIER,FRANCIS SAINT-LEGER,SOPHIE PANTEL,UMP,UMP,SOC,0.3125462572418514,0.24317553999011304,0.23394895456527312,Davy Champion
59-16,CHRISTIAN ENTEM,JEAN-JACQUES CANDELIER,MIREILLE MORELLE,SOC,FDG,UMP,0.28296446953970433,0.2574376183633475,0.25145645521842036,Davy Champion
59-17,MARC DOLEZ,MONIQUE AMGHAR,BRUNO BUFQUIN,FDG,SOC,UMP,0.30498487660594187,0.25539955955752863,0.23354569066444092,Davy Champion
63-5,ANDRE CHASSAIGNE,MARTINE MUNOZ,MAXIME COSTILHES,FDG,SOC,UMP,0.3315476081131935,0.27165232633129777,0.21913051193842967,Davy Champion
64-2,FRANCOIS BAYROU,NATHALIE CHABANNE,ERIC SAUBATTE,MDM,SOC,UMP,0.28803040616268755,0.282186359268604,0.2070562645900589,Davy Champion
64-4,FRANCOIS MAITIA,JEAN LASSALLE,MARC OXIBAR,SOC,MDM,UMP,0.2994481402664515,0.2512581327471914,0.20989454144605388,Davy Champion
75-5,SEYBAH DAGOMA,MARTINE BILLARD,BENJAMIN LANCAR,SOC,FDG,UMP,0.3351034431830405,0.26581255687841543,0.22116924122807174,Davy Champion
8-2,CHRISTOPHE LEONARD,PHILIPPE VUILQUE,BORIS RAVIGNON,SOC,DVG,UMP,0.26476516382514576,0.2629471386263999,0.25274637693794877,Davy Champion
81-1,GERARD POUJADE,PHILIPPE FOLLIOT,RICHARD AMALVY,SOC,MDM,UMP,0.2974010798461545,0.2861223450224302,0.2547054970785723,Davy Champion
82-2,PHILIPPE DE VERGNETTE,SYLVIA PINEL,JACQUES BRIAT,UMP,RDG,DVD,0.26995495749736387,0.26913506339691956,0.23318447708424514,Davy Champion
986-1,EPIFANO TUI,SIMIONE VANAI,ALBERT LIKUVALU,SOC,SOC,RDG,0.28774219904203685,0.28774219904203685,0.2036804325846865,Davy Champion
